team,matching,year
University of Chicago,UChicago,2009
University of Illinois,Illinois,2009
Tokyo,Todai-Tokyo,2009
Western,MoWestern_Davidson,2009
Addgene,other,2009
iGEM Japan,other,2011
Cell Tech Lab at Osaka University,Osaka,2011
Ion Beam Mutagenesis Research Group at Japan Atomic Energy Agency,other,2011
Laboratory of Hayano at the University of Tokyo,UT-Tokyo,2011
ASACUSA at CERN,other,2011
Kyoto Institute of Technology,KIT-Kyoto,2012
Radiation Biology and Medical Genetics Lab at Osaka University,Osaka,2012
Ion Beam Mutagenesis Research Group at Japan Atomic Energy Agency,other,2012
the laboratory of Hayano at the University of Tokyo,UT-Tokyo,2012
ASACUSA at CERN,other,2012
Imperial College London,Imperial,2014
Brasil-SP Team,Brasil-SP,2014
IvyTech,IvyTech_SouthBend_IN,2014
University of Pittsburgh,Pitt,2014
Interlab Measurement Study,other,2014
SJTU,SJTU-BioX-Shanghai,2015
SYSU,SYSU-Software,2015
Tsinghua A,Tsinghua-A,2015
Paris-Saclay,Paris_Saclay,2015
NJU_China,NJU-China,2015
WHU_China,WHU-China,2015
IPPE,other,2015
VSETCAB,other,2015
BNU-China,BNU-CHINA,2015
Aix-Marseille Université,Aix-Marseille,2015
Linköping,Linkoping_Sweden,2015
UI Oslo,UiOslo_Norway,2015
Copenhagen,UNIK_Copenhagen,2015
SDU Denmark,SDU-Denmark,2015
Pasteur,Pasteur_Paris,2015
HS Slovenia,Slovenia_HS,2015
UChicago iGEM Team,UChicago,2015
NEFU China,NEFU_China,2015
Korea U Seoul,Korea_U_Seoul,2015
Nanjing University,NJU-China,2015
Shanghai Jiao Tong University SJTU_China,SJTU-BioX-Shanghai,2015
Tongji University,China_Tongji,2015
National Chiao Tung University team,NCTU_Formosa,2015
Center for Biological Systems Engineering,other,2015
Department of Chemistry,other,2015
Focht Family,other,2015
Heeney/Toomey Family,other,2015
Bourg Family,other,2015
NSF-MCB Award #1331194,other,2015
Washington University in St. Louis,WashU_StLouis,2015
Pennsylvania State University,other,2015
KH2PO4,other,2015
ATOMS_Turkiye,ATOMS-Turkiye,2015
ATOMS Turkiye,ATOMS-Turkiye,2015
METU Ankara,METU_Turkey,2015
METU HS,METU_HS_Ankara,2015
TU DELFT,TU_Delft,2015
HEIDELBERG,Heidelberg,2015
OUC China,OUC-China,2015
KU_LEUVEN,KU_Leuven,2015
METU TURKEY,METU_Turkey,2015
GRONINGEN,Groningen,2015
BGU ISRAEL,BGU_Israel,2015
Tec_Chihuahua,Tec-Chihuahua,2015
NAIT EDMONTON,NAIT_Edmonton,2015
AMOY,Amoy,2015
UGA iGEM,UGA-Georgia,2015
Nordic iGEM Conference,other,2015
Stockholm iGEM team,Stockholm,2015
Bar Crawl,other,2015
Uppsala University nations,Uppsala,2015
UGA-Georgia iGEM Team,UGA-Georgia,2015
NCTU iGEM Conference,NCTU_Formosa,2015
Team HSNU-TAIPEI,HSNU-TAIPEI,2015
TCU,TCU_Taiwan,2015
Canmore,OLS_Canmore_AB_CA,2015
iGEM Nankai,Nankai,2015
Santa Clara University,Santa_Clara,2015
Brown University,Stanford-Brown,2015
Rose-Hulman Institute of Technology’s (RHIT),RHIT,2016
Sri Venkateswara College of Engineering (SVCE),SVCE_CHENNAI,2016
Technion Israel,Technion_Israel,2016
SFLS,Shenzhen_SFLS,2016
Technion - Israel,Technion_Israel,2016
Nanjing University,Nanjing-China,2016
Nankai University,NKU_China,2016
LMU-TUM Munich,LMU-TUM_Munich,2016
TAS TAIWAN,TAS_Taipei,2016
University of Toronto iGEM,Toronto,2016
iGEM Peshawar,Peshawar,2016
Rice University,Rice,2016
Indian Institute of Technology Madras,IIT-Madras,2016
National University of Singapore,NUS_Singapore,2016
30 iGEM teams,other,2016
SCUT-CHINA_B,SCUT-China_B,2016
Copenhagen,UNIK_Copenhagen,2016
KoreaSonyeod,KoreaSonyeodul,2016
iGEM TU Darmstadt,TU_Darmstadt,2016
NAU-China,NAU-CHINA,2016
CCiC,other,2016
SYSU_China,SYSU-CHINA,2016
unspecified high school team,other,2016
AHUT China,AHUT_China,2016
SJTU_software,SJTU-Software,2016
William & Mary,William_and_Mary,2016
Helsinki,Aalto-Helsinki,2016
NYU Abu-Dhabi,NYU-AD,2016
University College of London,UCL,2016
University of Virginia,Virginia,2016
University of Paris-Saclay,Paris_Saclay,2016
NEFU-China,NEFU_China,2016
Southeast University,other,2016
TMMU-China,TMMU_China,2016
Sheffield iGEM Team,Sheffield,2016
Erlangen iGEM Team,FAU_Erlangen,2016
TU Darmstadt iGEM Team,TU_Darmstadt,2016
The European Experience Paris,Paris_Saclay,2016
iGEM meets Marburg Marburg,Marburg,2016
METU HS Ankara iGEM team,METU_HS_Ankara,2016
iGEM team Tel Hai,Tel-Hai,2016
Vive le France!,other,2016
The far east,other,2016
Our dutch neighbours,other,2016
Double Kill,other,2016
iGEM teams,other,2016
European Experience 2016,other,2016
iGEM Cardiff,Cardiff_Wales,2016
iGEM EPFL,EPFL,2016
iGEM TEC CEM,TecCEM,2016
Doctor Gong Yali,other,2016
Southwest Union,other,2016
CCiC Conference,other,2016
MUSE Bio,other,2016
MUSE,other,2016
NCTU,NCTU_Formosa,2016
TAS,TAS_Taipei,2016
CGU,CGU_Taiwan,2016
NTHU,NTHU_Taiwan,2016
NCCU,other,2016
Tongji University,Tongji_Shanghai,2016
Technion,Technion_Israel,2016
Oslo team,UiOslo_Norway,2016
INMEGEN,other,2016
iGem Latin-America Meetup,other,2016
iGem teams from Mexico and Tecnológico de Monterrey system,Tec-Monterrey,2016
iGem teams from Tecnológico de Monterrey system,Tec-Monterrey,2016
variety of iGem teams,other,2016
SCUT-China,SCUT-China_A,2016
BNDS-China,BNDS_China,2016
Purdue's database,Purdue,2016
Israel team from Tel-Hai,Tel-Hai,2016
Glasgow iGEM,Glasgow,2016
Edinburgh,Edinburgh_UG,2016
Ryerson iGEM,Ryerson_Toronto,2016
Ontario Genomics,other,2016
Dalhousie Halifax NS,Dalhousie_Halifax_NS,2016
CSMU_NCHUI_Taiwan,CSMU_NCHU_Taiwan,2017
Fudan University,Fudan,2017
NAWI_GRAZ,NAWI_Graz,2017
iGEM Nagahama,Nagahama,2017
KAIT JAPAN,KAIT_JAPAN,2017
Tokyo Tech,TokyoTech,2017
AQA Unesp,AQA_Unesp,2017
Tokyo Tech team,TokyoTech,2017
PARIS Bettencourt team,Paris_Bettencourt,2017
Jérémy,other,2017
Evry,Evry_Paris-Saclay,2017
TU Delft,TUDelft,2017
Delft,TUDelft,2017
Aalto Helsinki,Aalto-Helsinki,2017
Evry Paris-Saclay,Evry_Paris-Saclay,2017
TU Darmstadt,TU_Darmstadt,2017
Prof. Dr. Thorsten Mascher,other,2017
Marcel Thiele,other,2017
Prof. Dr. Hans-Georg Braun,other,2017
Gaston,Gaston_Day_School,2017
Taipei-SDS,SDSZ-China,2017
IGEM Tokyo Tech,TokyoTech,2017
KAIT Japan,KAIT_JAPAN,2017
Team KU Leuven,KU_Leuven,2017
College of Life Sciences  University of Chinese Academy of Sciences,UCAS,2017
Prof. Jiangyun WANG  IBP  CAS,other,2017
Prof. Xien-en ZHANG  IBP  CAS,other,2017
Prof. Dianbing WANG,other,2017
College of Life Sciences  UCAS in Institute of Tibetan Plateau Research  CAS,UCAS,2017
Peking University Health Science Center,Peking,2017
Beijing National Day School,BNDS_China,2017
Cheng HU,other,2017
Jian HUANG,other,2017
Prof. Pingyong XU,other,2017
Lewis Sandler,other,2017
Prof. Chunbo LOU,other,2017
Wenqi PENG,other,2017
Prof. Zhisheng YU,other,2017
Bluepha Microbe Technology Co.,other,2017
China Aquaculture Website,other,2017
Beijing Shuianyuge Food Company,other,2017
Sturgeon Breeding Technology Engineering Center of the Chinese Academy of Fishery Sciences,other,2017
Yancheng Ocean and Fisheries Bureau,other,2017
Yancheng Chengdong foul water purifying factory,other,2017
Dr. Haoqian ZHANG,other,2017
Leying CHEN,other,2017
Xiaoding LI,other,2017
Lewis Sandler  BS  JD,other,2017
Xiaohong LIU  Ph.D  Prof.,other,2017
Unnamed iGEM team,other,2017
other iGEM Teams,other,2017
other iGEM teams,other,2017
Tu Delft,TUDelft,2017
Tu_Darmstadt,TU_Darmstadt,2017
Gifu University,Gifu,2017
iGEM,other,2017
5th Annual Asia Pacific Conference,other,2017
iGEM teams,other,2017
National Chang,other,2017
all Hong Kong iGEM University and High School Teams,other,2017
SUSTech iGEM 2017 team,SUSTech_Shenzhen,2017
DIYBIO HK,Hong_Kong_HKU,2017
Dr. Tanner,other,2017
iGEM McMasterU,McMasterU,2017
SCAU-CHINA,SCU-China,2017
Greece iGEM team,Greece,2017
Worldshaper - Wuhan,Worldshaper-Wuhan,2017
WPI_Worcester Team,WPI_Worcester,2017
Paris Evry,Evry_Paris-Saclay,2017
Centre for Research and Interdisciplinarity (CRI),other,2017
"Faculty of Medicine Cochin Port-Royal, Paris Descartes University",other,2017
unspecified iGEM teams,other,2017
Nordic iGEM Conference,other,2017
Swedish teams,other,2017
Danish teams,other,2017
Finnish teams,other,2017
college team,other,2017
East Chapel Hill High school team,East_Chapel_Hill,2017
Peshawar 2017,Peshawar,2017
UNBC 2017,UNBC-Canada,2017
East Chapel Hill 2017,East_Chapel_Hill,2017
igemusp(Brazil) team,USP-Brazil,2017
British_Columbia IGEM team,British_Columbia,2017
UiOslo_Norway team,UiOslo_Norway,2017
Bordeaux team,Bordeaux,2017
REC_CHENNAI,REC-CHENNAI,2017
LUND,Lund,2017
ShanghaiTech,Shanghaitech,2017
NJU_CHINA,NJU-China,2017
University of Waterloo,Waterloo,2017
University of Toronto,Toronto,2017
University of Calgary/Canadian iGEM,Calgary,2017
CCU Taiwan,CCU_Taiwan,2017
TAS Taipei,TAS_Taipei,2017
Chung Cheng University,CCU_Taiwan,2017
TEC-CHIHUAHUA,Tec-Chihuahua,2017
European iGEM teams,other,2017
DU Dresden,TU_Dresden,2017
Technion Israel,TECHNION-ISRAEL,2017
KU Leuven,KU_Leuven,2017
Tel Hai,Tel-Hai,2017
SMS China,SMS_Shenzhen,2017
iGEM Berlin diagnostX,Berlin_diagnostX,2017
iGEM Bielefeld-CeBiTec,Bielefeld-CeBiTec,2017
iGEM NAWI Graz,NAWI_Graz,2017
HFUT China,HFUT-China,2017
China,other,2017
intercollegiate collaboration,other,2017
Stony Brook,Stony_Brook,2017
Sri Venkateswara College of Engineering Chennai,SVCE_CHENNAI,2017
Prof. Dekker,other,2017
Dr. Stemmering,other,2017
Prof. Murphy,other,2017
Cologne/Duesseldorf,Cologne-Duesseldorf,2017
Professor Gerard Govers,other,2017
Johan Robben,other,2017
Professor Jos Vander Sloten,other,2017
UTSC-Software,USTC-Software,2017
The 5th iGEM Asia-Parcific Conference,other,2017
Alberta iGEM teams,other,2017
UCalgary,Calgary,2017
Hefei University of Technology,HFUT-China,2017
Greece iGEM Team,Greece,2017
University of Friedberg,other,2017
Team INSA-UPS France,INSA-UPS_France,2017
Team Franconia  Germany,Franconia,2017
InterLab,other,2017
ZJU,ZJU-China,2017
Ainsley Newson,other,2017
CSMU NCHU Taiwan,CSMU_NCHU_Taiwan,2017
CGU Taiwan,CGU_Taiwan,2017
Asia iGEM teams,other,2017
Taiwan university teams,other,2017
Chang Gung University,CGU_Taiwan,2017
Wego senior high school,other,2017
Z_Hangzhou,HZAU-China,2017
SCUT-China A,SCUT-China_A,2017
Texas Tech,Lubbock_TTU,2018
Ryan Bailey,other,2018
Rice University,Rice,2018
Team Munich,Munich,2018
UNSW 2018 iGEM Team,UNSW_Australia,2018
iGEM Paris - Bettencourt Team,Paris_Bettencourt,2018
iGEM Bulgaria,Bulgaria,2018
iGEM Dusseldorf,Duesseldorf,2018
iGEM Montpellier 2018,Montpellier,2018
UNAMBG iGEM 2018,Bilkent-UNAMBG,2018
USP Brazil,USP-Brazil,2018
HD Resolution,other,2018
Tec de Monterrey_Gdl,TecMonterrey_GDL,2018
Columbia University iGEM Team,ColumbiaNYC,2018
Arbor Biosciences,other,2018
GIFU iGEM,Gifu,2018
Beijing Institute of Technology,BIT-China,2018
Beijing Normal University,BNU-China,2018
Zhejiang University,ZJU-China,2018
Chinese University of Hong Kong,Hong_Kong-CUHK,2018
iGEM Göttingen,Goettingen,2018
iGEM IIT Madras,IIT-Madras,2018
iGEM Thessaloniki,Thessaloniki,2018
LASA high school team,Austin_LASA,2018
Brandon Palomo,other,2018
Texas Tech University,Lubbock_TTU,2018
Austin LASA,Austin_LASA,2018
iGEM teams,other,2018
ShanghaiTech University,ShanghaiTech,2018
Chinese iGEM teams,other,2018
teams in Nanjing,Nanjing-China,2018
CSU-China,CSU_CHINA,2018
Lambert iGEM,Lambert_GA,2018
NYU Abu Dhabi,NYU_Abu_Dhabi,2018
Washington University,Washington,2018
IISER Mohali,IISER-Mohali,2018
ECUST China,ECUST,2018
Utrecht iGEM team,Utrecht,2018
IGEM Marburg,Marburg,2018
Tec de Monterrey Campus Guadalajara,TecMonterrey_GDL,2018
Dalhousie iGEM,Dalhousie_Halifax_NS,2018
AHUT China,AHUT_China,2018
iGEM NYU Abu Dhabi,NYU_Abu_Dhabi,2018
LiU iGEM,Linkoping_Sweden,2018
IIT Kanpur 2018,IIT_Kanpur,2018
IIT Madras 2018,IIT-Madras,2018
IISER Bhopal 2018,IISER-Bhopal-India,2018
Team Westminster 2018,Westminster_UK,2018
5th Conference of China iGEMer Community,other,2018
Cornell iGEM,Cornell,2018
IIT Kanpur iGEM Team,IIT_Kanpur,2018
W.A.S.D.,other,2018
Vilnius iGEM team,Vilnius-Lithuania,2018
biohackathon judges,other,2018
Helsinki,Aalto-Helsinki,2018
Vilnius,Vilnius-Lithuania,2018
Delft,TUDelft,2018
Eindhoven,TU-Eindhoven,2018
Rotterdam,Rotterdam_HR,2018
NJU,NJU-China,2018
OCU-CHINA,other,2018
Makerere University,Makerere_University,2018
TU Eindhoven,TU-Eindhoven,2018
University of Virginia,Virginia,2018
ULaVerne Collab,ULaVerne_Collab,2018
UC San Diego,UC_San_Diego,2018
UC Davis,UC_Davis,2018
iGEM Waterloo,Waterloo,2018
iGEM Dalhousie,Dalhousie_Halifax_NS,2018
Dr. Jian Liu,other,2018
Mr. Hongyu Liu,other,2018
Tony He,other,2018
WorldShaper-XSHS,Worldshaper-XSHS,2018
MINGDAO iGEM team,Mingdao,2018
Tokyo Tech,Tokyo_Tech,2018
University of Calgary,Calgary,2018
National Chung Hsing University,other,2018
TecCem,TecCEM,2018
Dusseldorf,Duesseldorf,2018
Sorbonne U Paris,Sorbonne_U_Paris,2018
NYMU-Taipei team,NYMU-Taipei,2018
Asia Pacific Conference,other,2018
NCKU Tainan iGEM Team,NCKU_Tainan,2018
NRC,other,2018
Tec CEM,TecCEM,2018
Latin America teams,other,2018
teams from Brazil  Chile  Ecuador and México,other,2018
IISER Bhopal,IISER-Bhopal-India,2018
AFCM,AFCM-Egypt,2018
UNESP Brazil,Unesp_Brazil,2018
WASHINGTON,Washington,2018
Tust China,TUST_China,2018
DUSSELDORF,Duesseldorf,2018
GRONINGEN,Groningen,2018
DALHOUSIE,Dalhousie_Halifax_NS,2018
LEIDEN,Leiden,2018
UFLORIDA,UFlorida,2018
TartuTUIT_IGEM,Tartu_TUIT,2018
Toulouse NSA,Toulouse-INSA-UPS,2018
REC Chennai,REC-CHENNAI,2018
CPU China,CPU_CHINA,2018
Linkoping Sweden,Linkoping_Sweden,2018
IlT-Madras,IIT-Madras,2018
iGEM VIT,VIT_Vellore,2018
Promega,other,2018
5 undergraduate iGEM Teams in Japan,other,2018
iGEM East Japan Meetup 2018,other,2018
Bielefeld University,Bielefeld-CeBiTec,2018
NCHU teams,NCHU_Taichung,2018
Taipei teams,NYMU-Taipei,2018
Shanghai_tech,ShanghaiTech,2018
iGEMers,other,2018
iGEM committee,other,2018
Dr.Zhang Haoqian from Langene technology company,other,2018
University of Copenhagen,UCopenhagen,2018
CCiC,other,2018
iGEM_BIT,BIT,2018
iGEM Tianjin,Tianjin,2018
LZU_China,LZU-CHINA,2018
Imperial College,Imperial_College,2018
University of Pittsburgh,Pittsburgh,2018
University of Saint Andrew’s,St_Andrews,2018
Linkoping University,Linkoping_Sweden,2018
Ui Oslo,UiOslo_Norway,2018
Aalto Helsinki,Aalto-Helsinki,2018
University of Oslo,UiOslo_Norway,2018
Copenhagen Technical University,Copenhagen,2018
University of Waterloo,Waterloo,2018
Copenhagen,Copenhagen,2018
Mexico City,other,2018
Monterrey Institute of Technology and Higher Education,Tec-Monterrey,2018
Unesp Brazil,Unesp_Brazil,2018
USP-EEL-Brazil Amazonas_,USP-EEL-Brazil,2018
iGEM TEC CEM 2018,TecCEM,2018
IISc Bangalore,IISc-Bangalore,2018
IISc - Bangalore Calgary,IISc-Bangalore,2018
Central iGEM,other,2018
Chalmers  Gothenburg,Chalmers-Gothenburg,2018
iGEM Lund,Lund,2018
iGEM Copenhagen,UCopenhagen,2018
iGEM Chalmers,Chalmers-Gothenburg,2018
iGEM Stockholm,Stockholm,2018
UiOslo,UiOslo_Norway,2018
DTU Biobuilders,DTU-Denmark,2018
ZJUT-IGEM team,ZJUT-China,2018
iGEM Interlab Study,other,2018
iGEM Marburg,Marburg,2018
Dutch Mini Jamboree,other,2018
Will Wright,other,2018
Pieter van Boheemen,other,2018
Maaruthy Yelleswarapu,other,2018
Bob van Sluijs,other,2018
Ecuador's team,Ecuador,2018
potential users,other,2018
unspecified iGEM team,other,2018
BIT iGEM Team,BIT-China,2018
Opentrons,other,2018
Kristin Ellis,other,2018
OUC China,OUC-China,2018
Stony Brook,Stony_Brook,2018
ASIJ Tokyo,ASIJ_Tokyo,2018
Botchan Lab,Botchan_Lab_Tokyo,2018
KAIT Japan,KAIT_JAPAN,2018
