team,matching,year
University of Chicago,UChicago,2009.0
University of Illinois,Illinois,2009.0
iGEM Japan,other,2011.0
Cell Tech Lab at Osaka University,Osaka,2011.0
Ion Beam Mutagenesis Research Group at Japan Atomic Energy Agency,other,2011.0
laboratory of Hayano at the University of Tokyo and ASACUSA at CERN,other,2011.0
Kyoto Institute of Technology,Kyoto,2012.0
Radiation Biology and Medical Genetics Lab at Osaka University,Osaka,2012.0
Ion Beam Mutagenesis Research Group at Japan Atomic Energy Agency,other,2012.0
laboratory of Hayano at the University of Tokyo and ASACUSA at CERN,UT-Tokyo,2012.0
Imperial College London,Imperial,2014.0
Brasil-SP Team,Brasil-SP,2014.0
IvyTech,IvyTech_SouthBend_IN,2014.0
University of Pittsburgh iGEM team,Pitt,2014.0
other teams,other,2014.0
Colegio EmelinaU,Colegio_EmelinaU,2015.0
UNC-Chapel Hill,UNC-Chapel Hill,2015.0
IIT Kharagpur,IIT_Kharagpur,2015.0
NJAU China,NJAU_China,2015.0
ETH Zurich,ETH_Zurich,2015.0
BNU-China,BNU-CHINA,2015.0
Sebastian Hernandez,other,2015.0
Cambridge-JIC team,Cambridge-JIC,2015.0
Aix-Marseille Université,Aix-Marseille,2015.0
SJTU,SJTU-Software,2015.0
SYSU,SYSU_CHINA,2015.0
other,other,2015.0
iGEM teams,other,2015.0
software teams,other,2015.0
hardware teams,other,2015.0
Team Gifu,Gifu,2015.0
Chung Cheng University,CCU_Taiwan,2015.0
pectinase,other,2015.0
Aachen High School,Aachen,2015.0
Amoy High School,Amoy,2015.0
Birkbeck High School,Birkbeck,2015.0
Concordia High School,Concordia,2015.0
Dundee High School,Dundee,2015.0
Elan Vital High School,Elan_Vital_Korea,2015.0
Gaston Day School,Gaston_Day_School,2015.0
Hangzhou High School,Hangzhou-H14Z,2015.0
Hong Kong High School,Hong_Kong_HKU,2015.0
Lethbridge High School,Lethbridge_HS,2015.0
Liceo Eugenio Hostos High School,Liceo_Eugenio_Hostos,2015.0
METU High School,METU_HS_Ankara,2015.0
NEFU High School,NEFU_China,2015.0
Nanjing High School,Nanjing-China,2015.0
Nanjing Foreign Language School,Nanjing_NFLS,2015.0
Nankai High School,Nankai,2015.0
NEAU High School,NEAU-China,2015.0
NJAU High School,NJAU_China,2015.0
NUDT High School,NUDT_CHINA,2015.0
NYMU High School,NYMU-Taipei,2015.0
OLS High School,OLS_Canmore_AB_CA,2015.0
OUC High School,OUC-China,2015.0
Shenzhen Foreign Language School,Shenzhen_SFLS,2015.0
Sherbrooke High School,Sherbrooke,2015.0
Shiyan High School,Shiyan_SY_China,2015.0
SVCE High School,SVCE_Chennai,2015.0
TAS High School,TAS_Taipei,2015.0
TCU High School,TCU_Taiwan,2015.0
Tec Chihuahua High School,Tec-Chihuahua,2015.0
Tec Monterrey High School,Tec-Monterrey,2015.0
TecCEM High School,TecCEM_HS,2015.0
Trinity College Dublin High School,TrinityCollegeDublin,2015.0
UB High School,UB_Indonesia,2015.0
UChile High School,UChile-OpenBio,2015.0
UI High School,UI_Indonesia,2015.0
UMaryland High School,UMaryland,2015.0
UMBC High School,UMBC-Maryland,2015.0
UNA High School,UNA_Honduras,2015.0
UNC High School,UNC-Chapel_Hill,2015.0
UNIK High School,UNIK_Copenhagen,2015.0
uOttawa High School,uOttawa,2015.0
UiOslo High School,UiOslo_Norway,2015.0
UIUC High School,UIUC_Illinois,2015.0
USTC High School,USTC,2015.0
UT High School,UT-Tokyo,2015.0
Utah State High School,Utah_State,2015.0
Valencia High School,Valencia_UPV,2015.0
Vanderbilt High School,Vanderbilt,2015.0
Vilnius High School,Vilnius-Lithuania,2015.0
Virginia High School,Virginia,2015.0
Warwick High School,Warwick,2015.0
Washington High School,Washington,2015.0
WashU High School,WashU_StLouis,2015.0
Waterloo High School,Waterloo,2015.0
Westminster High School,Westminster,2015.0
WLC High School,WLC-Milwaukee,2015.0
WPI High School,WPI-Worcester,2015.0
York High School,York,2015.0
non-iGEM research groups,other,2015.0
another team's BioBrick Part or Device,other,2015.0
a construct,other,2015.0
another team's system,other,2015.0
another team's software,other,2015.0
another team's hardware project,other,2015.0
a high-school team,other,2015.0
high-school team,other,2015.0
Linköping,Linkoping_Sweden,2015.0
UI Oslo,UiOslo_Norway,2015.0
Copenhagen,UNIK_Copenhagen,2015.0
SDU Denmark,SDU-Denmark,2015.0
Pasteur,Pasteur_Paris,2015.0
HS Slovenia,Slovenia_HS,2015.0
UChicago iGEM Team,UChicago,2015.0
NEFU China,NEFU_China,2015.0
Korea U Seoul,Korea_U_Seoul,2015.0
Paris-Saclay,Paris_Saclay,2015.0
Nanjing University,Nanjing-China,2015.0
Shanghai Jiao Tong University,SJTU-China,2015.0
Tongji University,Tongji,2015.0
National Chiao Tung University team NCTU_formosa,NCTU_Formosa,2015.0
NJU_China,NJU-China,2015.0
WHU_China,WHU-China,2015.0
IPPE,other,2015.0
VSETCAB,other,2015.0
Pennsylvania State University iGEM 2015,Penn,2015.0
Center for Biological Systems Engineering,other,2015.0
Department of Chemistry,other,2015.0
Focht Family,other,2015.0
Heeney/Toomey Family,other,2015.0
Bourg Family,other,2015.0
NSF-MCB Award #1331194,other,2015.0
Washington University in St. Louis,Washington,2015.0
SZU,SZU_China,2015.0
Amoy/XMU-China,Amoy,2015.0
Spring,other,2015.0
AUC TURKEY,AUC_TURKEY,2015.0
NU Kazakhstan,NU_Kazakhstan,2015.0
UGA iGEM team,UGA-Georgia,2015.0
ATOMS_Turkiye,ATOMS-Turkiye,2015.0
ATOMS Turkiye,ATOMS-Turkiye,2015.0
METU Ankara,METU_Turkey,2015.0
METU HS,METU_HS_Ankara,2015.0
TU DELFT,TU_Delft,2015.0
HEIDELBERG,Heidelberg,2015.0
OUC China,OUC-China,2015.0
KU_LEUVEN,KU_Leuven,2015.0
METU TURKEY,METU_Turkey,2015.0
GRONINGEN,Groningen,2015.0
BGU ISRAEL,BGU_Israel,2015.0
Tec_Chihuahua,Tec-Chihuahua,2015.0
NAIT EDMONTON,NAIT_Edmonton,2015.0
AMOY,Amoy,2015.0
Cambridge-JIC iGEM 2015,Cambridge-JIC,2015.0
iGEM competition,other,2015.0
Nordic iGEM Conference,other,2015.0
Stockholm iGEM team,Stockholm,2015.0
other teams,other,2015.0
Bar Crawl,other,2015.0
Uppsala,Uppsala,2015.0
Stockholm,Stockholm,2015.0
annual NiC event,other,2015.0
Team Gifu,Gifu,2015.0
Chung Cheng University,CCU_Taiwan,2015.0
pectinase,other,2015.0
UGA-Georgia iGEM Team,UGA-Georgia,2015.0
NCTU iGEM Conference,other,2015.0
Team HSNU-TAIPEI,HSNU-TAIPEI,2015.0
TCU,TCU_Taiwan,2015.0
Canmore,OLS_Canmore_AB_CA,2015.0
iGEM Nankai,Nankai,2015.0
Santa Clara University,Santa_Clara,2015.0
Brown University,Brown,2015.0
Purdue iGEM,Purdue,2016.0
Sri Venkateswara College of Engineering (SVCE),other,2016.0
Technion Israel,Technion_Israel,2016.0
BGIC China,BGIC_China,2016.0
SFLS,Shenzhen_SFLS,2016.0
Hong Kong HKUST,Hong_Kong_HKUST,2016.0
SJTU_software,SJTU-Software,2016.0
Nanjing University,Nanjing-China,2016.0
Nankai University,NKU_China,2016.0
LMU-TUM Munich,LMU-TUM_Munich,2016.0
University of Toronto iGEM,Toronto,2016.0
Rose-Hulman Institute of Technology,RHIT,2016.0
Purdue’s Bioscience Imaging Facility,other,2016.0
University of Exeter’s team,Exeter,2016.0
NAWI Graz iGEM Team,NAWI-Graz,2016.0
Rice University,Rice,2016.0
Indian Institute of Technology Madras,IIT-Madras,2016.0
National University of Singapore,NUS_Singapore,2016.0
igem.today,other,2016.0
30 teams through social media,other,2016.0
SCUT-CHINA_B,SCUT-China_B,2016.0
BIT experiment and Web design,BIT,2016.0
NCKU graduate student,NCKU_Tainan,2016.0
Copenhagen,UNIK_Copenhagen,2016.0
Technion - Israel,Technion_Israel,2016.0
KoreaSonyeod,KoreaSonyeod,2016.0
TU Darmstadt,TU_Darmstadt,2016.0
AHUT_China,AHUT_China,2016.0
NAU-China,NAU-CHINA,2016.0
CCiC,other,2016.0
SYSU_China,SYSU-CHINA,2016.0
high school team,other,2016.0
iGEM,other,2016.0
other iGEM teams,other,2016.0
AHUT China,AHUT_China,2016.0
William & Mary,William_and_Mary,2016.0
Helsinki,Aalto-Helsinki,2016.0
NYU Abu-Dhabi,NYU-AD,2016.0
University College of London,UCL,2016.0
University of Virginia,Virginia,2016.0
University of Paris-Saclay,Paris_Saclay,2016.0
NEFU-China,NEFU_China,2016.0
Southeast University,other,2016.0
TMMU-China,TMMU_China,2016.0
Sheffield iGEM Team,Sheffield,2016.0
iGEM IONIS,Ionis_Paris,2016.0
iGEM EVRY,Evry,2016.0
Cardiff team,Cardiff_Wales,2016.0
TEC CEM,TecCEM,2016.0
Doctor Gong Yali,other,2016.0
Southwest Union,other,2016.0
CCiC Conference,other,2016.0
software teams,other,2016.0
hardware teams,other,2016.0
Team Gifu,Gifu,2016.0
Chung Cheng University,CCU_Taiwan,2016.0
pectinase,other,2016.0
Aachen High School,Aachen,2016.0
Alverno High School,Alverno_CA,2016.0
Baltimore BioCrew High School,BroadRun-Baltimore,2016.0
BGIC High School,BGIC_China,2016.0
BNU High School,BNU-China,2016.0
Colegio FDR High School,ColegioFDR_Peru,2016.0
Danci-K8 High School,Danci-K8,2016.0
Gaston Day High School,Gaston_Day,2016.0
GDSYZX-United High School,GDSYZX-United,2016.0
Guangdong Sheng High School,SCAU-China,2016.0
LambertGA High School,LambertGA,2016.0
Lethbridge High School,Lethbridge_HS,2016.0
Linkoping High School,Linkoping_Sweden,2016.0
Lubbock High School,Lubbock_TTU,2016.0
Marburg High School,Marburg,2016.0
Nanjing High School,Nanjing-China,2016.0
Nanjing Foreign Language School High School,Nanjing_NFLS,2016.0
NCKU High School,NCKU_Tainan,2016.0
NEFU High School,NEFU_China,2016.0
NEU High School,NEU-China,2016.0
Peshawar High School,Peshawar,2016.0
Saint Rose School A High School,Saint_Rose_School_A,2016.0
Saint Rose School B High School,Saint_Rose_School_B,2016.0
SCUT High School A,SCUT-China_A,2016.0
SCUT High School B,SCUT-China_B,2016.0
SDSZ High School,SDSZ_China,2016.0
SDU High School,SDU-Denmark,2016.0
Shenzhen Foreign Language School High School,SFLS,2016.0
SMS Shenzhen High School,SMS_Shenzhen,2016.0
SVCE High School,SVCE_CHENNAI,2016.0
TAS Taipei High School,TAS_Taipei,2016.0
TCU High School,TCU_Taiwan,2016.0
TMMU High School,TMMU_China,2016.0
USTC High School,USTC,2016.0
USTC-Software High School,USTC-software,2016.0
UST High School,UST_Beijing,2016.0
William and Mary High School,William_and_Mary,2016.0
WLC Milwaukee High School,WLC-Milwaukee,2016.0
XJTLU High School,XJTLU-CHINA,2016.0
non-iGEM research groups,other,2016.0
another team's BioBrick Part or Device,BioBricks,2016.0
a construct,other,2016.0
another team's system,other,2016.0
another team's software,other,2016.0
another team's hardware project,other,2016.0
a high-school team,other,2016.0
MUSE Bio,other,2016.0
NCTU,NCTU_Taiwan,2016.0
TAS TAIWAN,TAS_Taipei,2016.0
TAS,TAS_Taipei,2016.0
CGU,CGU_Taiwan,2016.0
NTHU,NTHU_Taiwan,2016.0
NCCU,other,2016.0
TEC GenetiX CCM,TecCEM,2016.0
Ain Shams-Egypt,Ain_Shams-Egypt,2016.0
NTNU Trondheim,NTNU_Trondheim,2016.0
Edinburgh,Edinburgh_OG,2016.0
Institute of Botany Chinese Academy of Sciences,other,2016.0
Pumas Mexico,Pumas_Mexico,2016.0
INMEGEN,other,2016.0
iGem Latin-America,other,2016.0
Tec system teams,other,2016.0
NUDT_CHINA,NUDT_CHINA,2016.0
SCUT-China,SCUT-China,2016.0
UP_PRETORIA iGEM,Pretoria_UP,2016.0
BNDS-China,BNDS_China,2016.0
Oslo team,UiOslo_Norway,2016.0
Israel team from Tel-Hai,Tel-Hai,2016.0
Glasgow iGEM,Glasgow,2016.0
Westminster UK iGEM meetup,Westminster_UoW,2016.0
Lethbridge iGEM team 2016,Lethbridge,2016.0
iGEM Marburg 2016,Marburg,2016.0
BNU China 2014,BNU-China,2016.0
Ryerson,Ryerson_Toronto,2016.0
Ontario Genomics,other,2016.0
Dalhousie Halifax NS,Dalhousie_Halifax_NS,2016.0
Tsinghua University,Tsinghua,2016.0
Alina,other,2017.0
iGEM Delft,TUDelft,2017.0
TU Dresden,TU_Dresden,2017.0
NAWI Graz,NAWI_Graz,2017.0
Greece iGEM team,Greece,2017.0
NYU Shanghai,NYU_Shanghai,2017.0
iGEM Nagahama team,Nagahama,2017.0
campfire website,other,2017.0
May Festival,other,2017.0
KAIT JAPAN team,KAIT_JAPAN,2017.0
Tokyo Tech team,TokyoTech,2017.0
Kyoto team,Kyoto,2017.0
Kobe team,Kobe,2017.0
Nagahama team,Nagahama,2017.0
Gifu team,Gifu,2017.0
Manchester team,Manchester,2017.0
Virginia team,Virginia,2017.0
AQA Unesp team,AQA_Unesp,2017.0
UChile_OpenBio-CeBiB team,UChile_OpenBio-CeBiB,2017.0
ITB_Indonesia,ITB_Indonesia,2017.0
KUAS_Korea team,KUAS_Korea,2017.0
IIT_Delhi team,IIT_Delhi,2017.0
UAlberta team,UAlberta,2017.0
PARIS Bettencourt team,Paris_Bettencourt,2017.0
Jérémy,other,2017.0
Evry,Evry_Paris-Saclay,2017.0
European Meetup,other,2017.0
Aalto Helsinki,Aalto-Helsinki,2017.0
Evry Paris-Saclay,Evry_Paris-Saclay,2017.0
TU Dresden iGEM team,TU_Dresden,2017.0
German-wide Meetup,other,2017.0
Promega,other,2017.0
Institute of Biofunctional Polymer Materials (IPF),other,2017.0
TU Darmstadt,TU_Darmstadt,2017.0
Gaston,Gaston_Day_School,2017.0
Team Taipei-SDS,other,2017.0
IGEM Tokyo Tech,TokyoTech,2017.0
KAIT Japan,KAIT_JAPAN,2017.0
Team KU Leuven,KU_Leuven,2017.0
College of Life Sciences University of Chinese Academy of Sciences,UCAS,2017.0
Prof. Jiangyun WANG  IBP  CAS,other,2017.0
Prof. Xien-en ZHANG IBP CAS,other,2017.0
Prof. Dianbing WANG,other,2017.0
College of Life Sciences UCAS in Institute of Tibetan Plateau Research CAS,UCAS,2017.0
Peking University Health Science Center,Peking,2017.0
Beijing National Day School,other,2017.0
Cheng HU,other,2017.0
Jian HUANG,other,2017.0
Prof. Pingyong XU,other,2017.0
Lewis Sandler,other,2017.0
Prof. Chunbo LOU,other,2017.0
Wenqi PENG,other,2017.0
Prof. Zhisheng YU,other,2017.0
Bluepha Microbe Technology Co.,other,2017.0
China Aquaculture Website,other,2017.0
Beijing Shuianyuge Food Company,other,2017.0
Sturgeon Breeding Technology Engineering Center of the Chinese Academy of Fishery Sciences,other,2017.0
Yancheng Ocean and Fisheries Bureau,other,2017.0
Yancheng Chengdong foul water purifying factory,other,2017.0
Dr. Haoqian ZHANG,other,2017.0
Leying CHEN,other,2017.0
Xiaoding LI,other,2017.0
Xiaohong LIU,other,2017.0
unknown team,other,2017.0
coli DH5α competent cells,other,2017.0
VF2 and VR primers,other,2017.0
EcoRI,other,2017.0
PstI,other,2017.0
plasmids,other,2017.0
gDNA of Salmonella typhimurium LT2,other,2017.0
genomic DNA of Salmonella typhimurium LT2,other,2017.0
other iGEM Teams,other,2017.0
fish ponds nearby,other,2017.0
three different promotors,other,2017.0
fish farmers,other,2017.0
device based on sensor bacteria,other,2017.0
buoy or platform,other,2017.0
other teams,other,2017.0
Tu Delft,TUDelft,2017.0
Tu_Darmstadt,TU_Darmstadt,2017.0
MycroSynth,other,2017.0
Gifu University,Gifu,2017.0
iGEM Franconia,Franconia,2017.0
other iGEM teams,other,2017.0
biological themed card with iGEM Franconia,Franconia,2017.0
Asia Pacific Conference,other,2017.0
National Chang,other,2017.0
to study metabolism regulation system of E. coli,other,2017.0
Team Gifu,Gifu,2017.0
Chung Cheng University,CCU_Taiwan,2017.0
pectinase,other,2017.0
software teams,other,2017.0
hardware teams,other,2017.0
Aachen,other,2017.0
Aalto-Helsinki,other,2017.0
AFCM-Egypt,other,2017.0
AHUT_China,other,2017.0
Aix-Marseille,other,2017.0
Amazonas_Brazil,other,2017.0
Amsterdam,other,2017.0
AQA_Unesp,other,2017.0
Arizona_State,other,2017.0
AshesiGhana,other,2017.0
ASIJ_TOKYO,other,2017.0
ASTWS-China,other,2017.0
Austin_UTexas,other,2017.0
Austin_UTexas_LASA,other,2017.0
Baltimore_Bio-Crew,other,2017.0
Berlin_diagnostX,other,2017.0
BGIC-Union,other,2017.0
Bielefeld-CeBiTec,other,2017.0
Bilkent-UNAMBG,other,2017.0
BIT,other,2017.0
BIT-China,other,2017.0
BNDS_China,other,2017.0
BNU-China,other,2017.0
BOKU-Vienna,other,2017.0
Bordeaux,other,2017.0
BostonU,other,2017.0
BostonU_HW,other,2017.0
Botchan_Lab_Tokyo,other,2017.0
Bristol,other,2017.0
British_Columbia,other,2017.0
Bulgaria,other,2017.0
Cadets2Vets,other,2017.0
Calgary,other,2017.0
CAPS_Kansas,other,2017.0
Cardiff_Wales,other,2017.0
CCA_San_Diego,other,2017.0
CCU_Taiwan,CCU_Taiwan,2017.0
CGU_Taiwan,other,2017.0
Chalmers-Gothenburg,other,2017.0
CIEI-BJ,other,2017.0
CIEI-China,other,2017.0
CLSB-UK,other,2017.0
CMUQ,other,2017.0
ColegioFDR_Peru,other,2017.0
Cologne-Duesseldorf,other,2017.0
ColumbiaNYC,other,2017.0
Cornell,other,2017.0
CPU_CHINA,other,2017.0
CSMU_NCHU_Taiwan,other,2017.0
CSU_Fort_Collins,other,2017.0
CU-Boulder,other,2017.0
Dalhousie,other,2017.0
Dartmouth,other,2017.0
DEIAGRA,other,2017.0
Delaware,other,2017.0
DTU-Denmark,other,2017.0
Duke,other,2017.0
East_Chapel_Hill,other,2017.0
ECUST,other,2017.0
Edinburgh_OG,other,2017.0
Edinburgh_UG,other,2017.0
Emory,other,2017.0
EPFL,other,2017.0
EpiphanyNYC,other,2017.0
ETH_Zurich,other,2017.0
Evry_Paris-Saclay,other,2017.0
Exeter,other,2017.0
FAFU-CHINA,other,2017.0
Florida_Atlantic,other,2017.0
Franconia,other,2017.0
Freiburg,other,2017.0
FSU,other,2017.0
Fudan,other,2017.0
Fudan_China,other,2017.0
Gaston_Day_School,other,2017.0
Georgia_State,other,2017.0
Gifu,Gifu,2017.0
Glasgow,other,2017.0
Greece,other,2017.0
Grenoble-Alpes,other,2017.0
Groningen,other,2017.0
GZHS-United,other,2017.0
Hamburg,other,2017.0
Harvard,other,2017.0
HBUT-China,other,2017.0
Heidelberg,other,2017.0
HFLS_H2Z_Hangzhou,other,2017.0
HFUT-China,other,2017.0
HK_SKHLPSS,other,2017.0
HokkaidoU_Japan,other,2017.0
Hong_Kong-CUHK,other,2017.0
Hong_Kong_HKU,other,2017.0
Hong_Kong_HKUST,other,2017.0
Hong_Kong_UCCKE,other,2017.0
HUST-China,other,2017.0
HZAU-China,other,2017.0
ICT-Mumbai,other,2017.0
IISc-Bangalore,other,2017.0
IISER-Mohali-INDIA,other,2017.0
IISER-Pune-India,other,2017.0
IIT-Madras,other,2017.0
IIT_Delhi,other,2017.0
INSA-UPS_France,other,2017.0
IONIS-PARIS,other,2017.0
ITB_Indonesia,other,2017.0
iTesla-SoundBio,other,2017.0
Jilin_China,other,2017.0
JNFLS,other,2017.0
Judd_UK,other,2017.0
KAIT_JAPAN,other,2017.0
Kent,other,2017.0
Kingsborough_NY,other,2017.0
Kobe,other,2017.0
KUAS_Korea,other,2017.0
KU_Leuven,other,2017.0
Kyoto,other,2017.0
Lambert_GA,other,2017.0
Lanzhou,other,2017.0
Lethbridge,other,2017.0
Lethbridge_HS,other,2017.0
Linkoping_Sweden,other,2017.0
LUBBOCK_TTU,other,2017.0
Lund,other,2017.0
Macquarie_Australia,other,2017.0
Manchester,other,2017.0
ManhattanCol_Bronx,other,2017.0
McMasterU,other,2017.0
McMaster_II,other,2017.0
Michigan,other,2017.0
Michigan_Software,other,2017.0
Mingdao,other,2017.0
Minnesota,other,2017.0
Missouri_Rolla,other,2017.0
MIT,other,2017.0
Moscow_RF,other,2017.0
MSU-Michigan,other,2017.0
Munich,other,2017.0
Nagahama,other,2017.0
Nanjing-China,other,2017.0
Nanjing_NFLS,other,2017.0
NAU-CHINA,other,2017.0
NAWI_Graz,other,2017.0
NCKU_Tainan,other,2017.0
NCTU_Formosa,other,2017.0
NEFU_China,other,2017.0
NEU-China,other,2017.0
Newcastle,other,2017.0
NIPER-Guwahati,other,2017.0
NJU-China,other,2017.0
NKU_China,other,2017.0
NortheasternU-Boston,other,2017.0
Northwestern,other,2017.0
NPU-China,other,2017.0
NTHU_Taiwan,other,2017.0
NTNU_Trondheim,other,2017.0
NTU_SINGAPORE,other,2017.0
NUDT_CHINA,other,2017.0
NUS_Singapore,other,2017.0
NU_Kazakhstan,other,2017.0
NWU-CHINA,other,2017.0
NYMU-Taipei,other,2017.0
NYU_Abu_Dhabi,other,2017.0
NYU_Shanghai,other,2017.0
OUC-China,other,2017.0
Oxford,other,2017.0
Paris_Bettencourt,other,2017.0
PASantiago_Chile,other,2017.0
Pasteur_Paris,other,2017.0
Peking,other,2017.0
Penn,other,2017.0
Peshawar,other,2017.0
Pittsburgh,other,2017.0
Potsdam,other,2017.0
Princeton,other,2017.0
Purdue,other,2017.0
Queens_Canada,other,2017.0
RDFZ-China,other,2017.0
REC-CHENNAI,other,2017.0
RHIT,other,2017.0
Rice,other,2017.0
RPI_Troy_NY,other,2017.0
SCU-WestChina,other,2017.0
SCUT-China_A,other,2017.0
SCUT-FSE-CHINA,other,2017.0
SCU_China,other,2017.0
SDSZ-China,other,2017.0
SDU-Denmark,other,2017.0
SDU_CHINA,other,2017.0
SECA_NZ,other,2017.0
Shanghaitech,other,2017.0
Sheffield,other,2017.0
Shenzhen_SFLS,other,2017.0
SHSBNU_China,other,2017.0
SIAT-SCIE,other,2017.0
SiCAU-China,other,2017.0
SJTU-BioX-Shanghai,other,2017.0
SJTU-Software,other,2017.0
SMS_Shenzhen,other,2017.0
SSTi-SZGD,other,2017.0
Stanford-Brown,other,2017.0
Stockholm,other,2017.0
Stony_Brook,other,2017.0
Stuttgart,other,2017.0
SUIS_Alpha_Shanghai,other,2017.0
SUSTech_Shenzhen,other,2017.0
SVCE_CHENNAI,other,2017.0
Sydney_Australia,other,2017.0
SYSU-CHINA,other,2017.0
SYSU-Software,other,2017.0
Szeged_SA_RMG,other,2017.0
SZU-China,other,2017.0
Tartu_TUIT,other,2017.0
TAS_Taipei,other,2017.0
TCFSH_Taiwan,other,2017.0
Tec-Chihuahua,other,2017.0
TecCEM,other,2017.0
TECHNION-ISRAEL,other,2017.0
TecMonterrey_GDA,other,2017.0
Tel-Hai,other,2017.0
Tianjin,other,2017.0
TJU_China,other,2017.0
TMMU-China,other,2017.0
TNCR_Korea,other,2017.0
TokyoTech,other,2017.0
Tongji_China,other,2017.0
Toronto,other,2017.0
TP-CC_San_Diego,other,2017.0
Tsinghua,other,2017.0
Tsinghua-A,other,2017.0
TU-Eindhoven,other,2017.0
TUDelft,other,2017.0
Tuebingen,other,2017.0
TUST_China,other,2017.0
TU_Darmstadt,other,2017.0
TU_Dresden,other,2017.0
UAlberta,other,2017.0
UCAS,other,2017.0
UCC_Ireland,other,2017.0
UChicago,other,2017.0
UChile_Biotec,other,2017.0
UChile_OpenBio-CeBiB,other,2017.0
UCL,other,2017.0
UCLouvain,other,2017.0
UConn,other,2017.0
UCopenhagen,other,2017.0
UCSC,other,2017.0
UC_San_Diego,other,2017.0
UESTC-China,other,2017.0
UFlorida,other,2017.0
UGA-Georgia,other,2017.0
UiOslo_Norway,other,2017.0
UIOWA,other,2017.0
UIUC_Illinois,other,2017.0
ULaVerne_Collab,other,2017.0
UMaryland,other,2017.0
UNBC-Canada,other,2017.0
UNC-Asheville,other,2017.0
UNebraska-Lincoln,other,2017.0
UNIFI,other,2017.0
UNOTT,other,2017.0
uOttawa,other,2017.0
UPMC_PARIS,other,2017.0
Uppsala,other,2017.0
UrbanTundra_Edmonton,other,2017.0
USMA-West_Point,other,2017.0
USNA_Annapolis,other,2017.0
USP-Brazil,other,2017.0
USTC,other,2017.0
USTC-Software,other,2017.0
UST_Beijing,other,2017.0
US_AFRL_CarrollHS,other,2017.0
UT-Knoxville,other,2017.0
Utrecht,other,2017.0
U_of_Guelph,other,2017.0
Valencia_UPV,other,2017.0
Vilnius-Lithuania,other,2017.0
Virginia,other,2017.0
Wageningen_UR,other,2017.0
Warwick,other,2017.0
Washington,other,2017.0
WashU_StLouis,other,2017.0
Waterloo,other,2017.0
Westminster_UK,other,2017.0
WHU-China,other,2017.0
William_and_Mary,other,2017.0
WLC-Milwaukee,other,2017.0
Worldshaper-Nanjing,other,2017.0
Worldshaper-Wuhan,other,2017.0
Worldshaper-XSHS,other,2017.0
WPI_Worcester,other,2017.0
XJTLU-CHINA,other,2017.0
XMU-China,other,2017.0
York,other,2017.0
ZJU-China,other,2017.0
ZJUT-China,other,2017.0
non-iGEM research groups,other,2017.0
another team's BioBrick Part or Device,other,2017.0
a construct,other,2017.0
another team's system,other,2017.0
another team's software,other,2017.0
another team's hardware project,other,2017.0
a high-school team,other,2017.0
HKUST,Hong_Kong_HKUST,2017.0
CUHK,Hong_Kong-CUHK,2017.0
UCCKE,Hong_Kong_UCCKE,2017.0
LPSS,Hong_Kong_CUHK,2017.0
SUSTech iGEM 2017 team,SUSTech_Shenzhen,2017.0
DIYBIO HK,Hong_Kong_HKU,2017.0
Dr. Tanner,other,2017.0
SCUT-China-A,SCUT-China_A,2017.0
SCAU-CHINA,SiCAU-China,2017.0
Worldshaper - Wuhan,Worldshaper-Wuhan,2017.0
WPI_Worcester Team,WPI_Worcester,2017.0
Paris Evry,Evry_Paris-Saclay,2017.0
Centre for Research and Interdisciplinarity (CRI) Faculty of Medicine Cochin Port-Royal South wing 2nd floor Paris Descartes University,other,2017.0
bettencourt.igem2017@gmail.com,other,2017.0
Team Gifu,Gifu,2017.0
Chung Cheng University,CCU_Taiwan,2017.0
pectinase,other,2017.0
Nordic iGEM Conference (NIC) in Copenhagen,other,2017.0
other Swedish teams during iGEM run,other,2017.0
Stockholm team in organizing a panel discussion,Stockholm,2017.0
iGEM Lund,Lund,2017.0
teams from Sweden,Linkoping_Sweden,2017.0
Denmark,DTU-Denmark,2017.0
and Finland,other,2017.0
iGEM Stockholm,Stockholm,2017.0
Fudan University,Fudan,2017.0
college team,other,2017.0
East Chapel Hill High school team,East_Chapel_Hill,2017.0
Peshawar 2017,Peshawar,2017.0
UNBC 2017,UNBC-Canada,2017.0
igemusp(Brazil) team,other,2017.0
British_Columbia IGEM team,British_Columbia,2017.0
UiOslo_Norway,UiOslo_Norway,2017.0
Bordeaux team,Bordeaux,2017.0
REC_CHENNAI,REC-CHENNAI,2017.0
LUND,Lund,2017.0
NAWI_GRAZ,NAWI_Graz,2017.0
Stony Brook,Stony_Brook,2017.0
Leuven,KU_Leuven,2017.0
UCAS iGEM team,UCAS,2017.0
CPU CHINA,CPU-China,2017.0
CSU Fort Collins,CSU_Fort_Collins,2017.0
Macquarie University,Macquarie_Australia,2017.0
Chung Cheng University,CCU_Taiwan,2017.0
TEC-CHIHUAHUA team,Tec-Chihuahua,2017.0
Jilin China,Jilin_China,2017.0
DU Dresden,TU_Dresden,2017.0
Technion Israel,TECHNION-ISRAEL,2017.0
KU Leuven,KU_Leuven,2017.0
Tel Hai,Tel-Hai,2017.0
SMS China,other,2017.0
iGEM Berlin diagnostX,Berlin_diagnostX,2017.0
iGEM Bielefeld-CeBiTec,Bielefeld-CeBiTec,2017.0
iGEM Graz,NAWI_Graz,2017.0
iGEM NAWI Graz,NAWI_Graz,2017.0
BioDesigner Dolphin tool from HFUT China,HFUT-China,2017.0
improving yeast surface display system,other,2017.0
intercollegiate collaborating project,other,2017.0
Ithaca Farmers’ Market,other,2017.0
Ithaca Commons,other,2017.0
Apple Harvest Festival,other,2017.0
Great New York State Fair,other,2017.0
campus,other,2017.0
online,other,2017.0
Team Gifu,Gifu,2017.0
Chung Cheng University,CCU_Taiwan,2017.0
pectinase,other,2017.0
Ithaca,Cornell,2017.0
SVCE Chennai,SVCE_CHENNAI,2017.0
Dekker,other,2017.0
Stemmering,other,2017.0
Murphy,other,2017.0
Cologne/Duesseldorf,Cologne-Duesseldorf,2017.0
Robben,other,2017.0
Vander Sloten,other,2017.0
SELF Conference,other,2017.0
Ph.D. Haoqian Zhang,other,2017.0
Institute of Biophysics,other,2017.0
other methods on the market,other,2017.0
UTSC-Software,other,2017.0
ShanghaiTech,Shanghaitech,2017.0
NJU-CHINA,NJU-China,2017.0
Alberta iGEM teams,UAlberta,2017.0
aGEM,other,2017.0
UCalgary,Calgary,2017.0
high-school team,other,2017.0
E. coli,other,2017.0
breed bacteria in nitrogen limited M9 culture medium,other,2017.0
inject water,other,2017.0
at the top of the cup,other,2017.0
polyvinyl alcohol/sodium alginate (PVA/SA) beads,other,2017.0
Team Gifu,Gifu,2017.0
Chung Cheng University,CCU_Taiwan,2017.0
pectinase,other,2017.0
small circuit board,other,2017.0
control relays,other,2017.0
University of Waterloo,Waterloo,2017.0
University of Toronto,Toronto,2017.0
University of Calgary/Canadian iGEM,Calgary,2017.0
Greece iGEM Team,Greece,2017.0
University of Friedberg,other,2017.0
Team INSA-UPS France,INSA-UPS_France,2017.0
Team Franconia,Franconia,2017.0
ZJU,ZJU-China,2017.0
Ainsley Newson,other,2017.0
Gold Sponsors,other,2017.0
Bronze Sponsors,other,2017.0
Chung Cheng University (CCU Taiwan),CCU_Taiwan,2017.0
Chung Shan Medical University,other,2017.0
Chang Gung University (CGU Taiwan),CCU_Taiwan,2017.0
Taipei American School (TAS Taipei),TAS_Taipei,2017.0
collaborators to grow project,other,2017.0
various people who added value to goals,other,2017.0
collaborators,other,2017.0
facebook,other,2017.0
twitter,other,2017.0
instagram,other,2017.0
Taiwan,other,2017.0
China,other,2017.0
Japan,other,2017.0
US,other,2017.0
CCU_Taiwan,CCU_Taiwan,2017.0
NCTU_Formosa,NCTU_Formosa,2017.0
NTHU_Taiwan,NTHU_Taiwan,2017.0
NTU_SINGAPORE,NTU_SINGAPORE,2017.0
TAS_Taipei,TAS_Taipei,2017.0
TCFSH_Taiwan,TCFSH_Taiwan,2017.0
TUST_China,TUST_China,2017.0
Chang Gung University,CCU_Taiwan,2017.0
NYMU-Taipei's suicide system,NYMU-Taipei,2017.0
Escherichia coli DH5α,other,2017.0
NYMU-Taipei's lactose-induced suicide system,NYMU-Taipei,2017.0
Wego Bilingual High School,other,2017.0
SCUT-China A,SCUT-China_A,2017.0
iGEM Japan Kansai Forum,other,2017.0
Makerere University,Makerere_University,2018.0
CUNY Kingsborough,CUNY_Kingsborough,2018.0
Texas Tech,Lubbock_TTU,2018.0
Hong Kong HKU,Hong_Kong_HKU,2018.0
NTNU Trondheim,NTNU_Trondheim,2018.0
JMU Wuerzburg,JMU_Wuerzburg,2018.0
UNSW 2018 iGEM Team,UNSW_Australia,2018.0
iGEM Paris - Bettencourt Team,Paris_Bettencourt,2018.0
iGEM Bulgaria,Bulgaria,2018.0
iGEM Dusseldorf,Duesseldorf,2018.0
iGEM Montpellier 2018,Montpellier,2018.0
UNAMBG iGEM 2018,BGU_Israel,2018.0
other iGEM teams,other,2018.0
high-school team,other,2018.0
USP Brazil,USP-Brazil,2018.0
HD Resolution,other,2018.0
Tec de Monterrey_Gdl,Tec-Monterrey_GDL,2018.0
Columbia University iGEM Team,ColumbiaNYC,2018.0
GIFU iGEM,Gifu,2018.0
Beijing Institute of Technology,BIT,2018.0
Beijing Normal University,BGU_Israel,2018.0
Zhejiang University,ZJU-China,2018.0
Chinese University of Hong Kong,Hong_Kong_CUHK,2018.0
Göttingen,Goettingen,2018.0
IIT Madras,IIT-Madras,2018.0
Rice University,Rice,2018.0
Texas Tech University,Lubbock_TTU,2018.0
Austin LASA,Austin_LASA,2018.0
CCiC ShanghaiTech University,ShanghaiTech,2018.0
other teams at CCiC,other,2018.0
several teams at CCiC,other,2018.0
Mrs. Megan,other,2018.0
CSU-China,CSU_CHINA,2018.0
Lambert iGEM,Lambert_GA,2018.0
NYU Abu Dhabi,NYU_Abu_Dhabi,2018.0
Washington University,WashU_StLouis,2018.0
IISER Mohali,IISER-Mohali,2018.0
ECUST China,ECUST,2018.0
European iGEM team,other,2018.0
Utrecht iGEM team,Utrecht,2018.0
unknown iGEM team,other,2018.0
TU Darmstadt,TU_Darmstadt,2018.0
Marburg team,Marburg,2018.0
Tec de Monterrey Campus Guadalajara,Tec-Monterrey_GDL,2018.0
Team Munich,Munich,2018.0
Dalhousie iGEM,Dalhousie_Halifax_NS,2018.0
AHUT China,AHUT_China,2018.0
iGEM NYU Abu Dhabi,NYU_Abu_Dhabi,2018.0
LiU iGEM,Linkoping_Sweden,2018.0
IIT Kanpur 2018,IIT_Kanpur,2018.0
IIT Madras 2018,IIT-Madras,2018.0
IISER Bhopal 2018,IISER-Bhopal-India,2018.0
Team Westminster UK 2018,Westminster_UK,2018.0
5th CCiC,other,2018.0
other teams,other,2018.0
CCiC,other,2018.0
IIT Kanpur iGEM Team,IIT_Kanpur,2018.0
Cornell iGEM team,Cornell,2018.0
W.A.S.D. software developers,other,2018.0
Vilnius iGEM team,Vilnius-Lithuania,2018.0
Lund iGEM team,Lund,2018.0
Helsinki iGEM team,Aalto-Helsinki,2018.0
Leiden iGEM team,Leiden,2018.0
Delft iGEM team,TUDelft,2018.0
Eindhoven iGEM team,TU-Eindhoven,2018.0
Rotterdam iGEM team,Rotterdam_HR,2018.0
Queens Canada,Queens_Canada,2018.0
TAS Taipei 2016,TAS_Taipei,2018.0
CCU Taiwan,CCU_Taiwan,2018.0
KAIT JAPAN,KAIT_JAPAN,2018.0
Hong Kong JSS,Hong_Kong_JSS,2018.0
Hong_Kong-HKUST,Hong_Kong_HKUST,2018.0
ULaVerne Collab,ULaVerne_Collab,2018.0
MINGDAO iGEM team,Mingdao,2018.0
Tokyo Tech,Tokyo_Tech,2018.0
University of Calgary,Calgary,2018.0
NCHU,NCHU_Taichung,2018.0
China,other,2018.0
Taiwan,other,2018.0
Japan,other,2018.0
Dr. Ying Chieh Tsai,other,2018.0
TecCem iGEM 2018,TecCEM,2018.0
Harry Jiang from RDFZ-China,RDFZ-China,2018.0
Dusseldorf iGEM team,Duesseldorf,2018.0
wiki design and layout,other,2018.0
NYMU-Taipei team,NYMU-Taipei,2018.0
Asia Pacific Conference,other,2018.0
NCKU iGEM team,NCKU_Tainan,2018.0
NRC,other,2018.0
Eindhoven,TU-Eindhoven,2018.0
CO2 downstream processing,other,2018.0
Alternative Energy,other,2018.0
Brazilian Meet Up,other,2018.0
Braskem,other,2018.0
SENAI-CETIQT,other,2018.0
Latin America Meet Up,other,2018.0
Tec CEM team,TecCEM,2018.0
IISER Bhopal,IISER-Bhopal-India,2018.0
AFCM,AFCM-Egypt,2018.0
UNESP Brazil,Unesp_Brazil,2018.0
WASHINGTON,Washington,2018.0
Tust China,TUST_China,2018.0
DUSSELDORF,Duesseldorf,2018.0
GRONINGEN,Groningen,2018.0
DALHOUSIE,Dalhousie_Halifax_NS,2018.0
LEIDEN,Leiden,2018.0
UFLORIDA,UFlorida,2018.0
TartuTUIT_IGEM,Tartu_TUIT,2018.0
Toulouse NSA,Toulouse-INSA-UPS,2018.0
Team REC Chennai,REC-CHENNAI,2018.0
Team ICT-Mumbai,ICT-Mumbai,2018.0
Team CPU China,CPU_CHINA,2018.0
Team Uppsala,Uppsala,2018.0
Team Linkoping Sweden,Linkoping_Sweden,2018.0
Team IlT-Madras,IIT_Madras,2018.0
iGEM VIT,VIT_Vellore,2018.0
Promega,other,2018.0
iGEM East Japan Meetup 2018,other,2018.0
Bielefeld University,Bielefeld-CeBiTec,2018.0
TU Eindhoven,TU-Eindhoven,2018.0
Team Gifu,,2018.0
Chung Cheng University,,2018.0
pectinase,,2018.0
Aalto University,,2018.0
Peking University,,2018.0
John Smith,,2018.0
BioTech Team,,2018.0
University of Tokyo,,2018.0
Harvard University,,2018.0
Team Aachen,,2018.0
two teams from Taipei,other,2018.0
CCiC Conference,other,2018.0
Dr. Zhang Haoqian from Langene technology company,other,2018.0
iGEM-Footer,other,2018.0
Santos  Anderson K. et al.,other,2018.0
iGEM_BIT,BIT-China,2018.0
iGEM Tianjin,Tianjin,2018.0
LZU_China,LZU-CHINA,2018.0
Meagan Lizarazo,other,2018.0
Bielefeld-CeBiTec (Germany),Bielefeld-CeBiTec,2018.0
Thessaloniki (Greece),Thessaloniki,2018.0
Imperial College,Imperial_College,2018.0
University of Pittsburgh,Pittsburgh,2018.0
University of Virginia,Virginia,2018.0
University of Saint Andrew’s in Scotland,St_Andrews,2018.0
Nordic iGEM Conference,other,2018.0
Aalto Helsinki,Aalto-Helsinki,2018.0
Linkoping University,Linkoping_Sweden,2018.0
University of Oslo,UiOslo_Norway,2018.0
University of Copenhagen,UCopenhagen,2018.0
Copenhagen Technical University,TUDelft,2018.0
University of Waterloo,Waterloo,2018.0
Mexico City,other,2018.0
Monterrey Institute of Technology and Higher Education,Tec-Monterrey,2018.0
Unesp Brazil,Unesp_Brazil,2018.0
Amazonas_ Brazil,other,2018.0
iGEM TEC CEM 2018,TecCEM,2018.0
Central iGEM,other,2018.0
UC San Diego,UC_San_Diego,2018.0
UC Davis,UC_Davis,2018.0
Waterloo iGEM,Waterloo,2018.0
Dr. Jian Liu,other,2018.0
Mr. Hongyu Liu,other,2018.0
Tony He,other,2018.0
Chalmers Gothenburg,Chalmers-Gothenburg,2018.0
Nordic iGEM Conference in Lund,Lund,2018.0
Biobrick Tutorial at DTU,DTU-Denmark,2018.0
iGEM Lund,Lund,2018.0
iGEM Copenhagen,UCopenhagen,2018.0
iGEM Chalmers,Chalmers-Gothenburg,2018.0
iGEM Stockholm,Stockholm,2018.0
UiOslo,UiOslo_Norway,2018.0
WorldShaper-XSHS,Worldshaper-XSHS,2018.0
Zhejiang University IGEM team,ZJU-China,2018.0
ZJUT-IGEM team,ZJUT-China,2018.0
iGEM Marburg,Marburg,2018.0
Dutch Mini Jamboree,other,2018.0
Delft,TUDelft,2018.0
Rotterdam,Rotterdam_HR,2018.0
Eindhoven University of Technology,TU-Eindhoven,2018.0
Will Wright,other,2018.0
Pieter van Boheemen,other,2018.0
Maaruthy Yelleswarapu,other,2018.0
Bob van Sluijs,other,2018.0
software teams,other,2018.0
hardware teams,other,2018.0
Team A,other,2018.0
Team B,other,2018.0
Team C,other,2018.0
Team D,other,2018.0
Team E,other,2018.0
Team F,other,2018.0
Team G,other,2018.0
Team H,other,2018.0
Team I,other,2018.0
Team J,other,2018.0
non-iGEM research groups,other,2018.0
another team's BioBrick Part or Device,other,2018.0
a construct,other,2018.0
another team's system,other,2018.0
another team's software,other,2018.0
another team's hardware project,other,2018.0
a high-school team,other,2018.0
Ecuador's team,Ecuador,2018.0
BIT iGEM Team,BIT,2018.0
Opentrons,other,2018.0
Kristin Ellis,other,2018.0
Opentrons community,other,2018.0
iGEM TecCEM,TecCEM,2018.0
OUC China,OUC-China,2018.0
Stony Brook,Stony_Brook,2018.0
iGEM Team Bielefeld,Bielefeld-CeBiTec,2018.0
ASIJ Tokyo,ASIJ_Tokyo,2018.0
Botchan Lab,Botchan_Lab_Tokyo,2018.0
KAIT Japan,KAIT_JAPAN,2018.0
